Time,RawPot,RawTemp
0,255,511
1,255,511
2,255,511
3,255,511
4,255,510
5,255,511
6,255,511
7,255,511
8,255,511
9,255,511
10,255,511
11,255,511
12,255,511
13,255,511
14,255,511
15,255,511
16,255,511
17,255,512
18,255,511
19,255,511
20,255,512
21,255,511
22,255,511
23,255,511
24,255,511
25,255,511
26,255,511
27,255,512
28,255,511
29,255,511
30,255,511
31,255,511
32,255,511
33,255,512
34,255,511
35,255,511
36,255,512
37,255,511
38,255,511
39,255,512
40,255,511
41,255,511
42,255,511
43,255,511
44,255,511
45,255,511
46,255,511
47,255,511
48,255,511
49,255,512
50,255,511
51,255,511
52,255,511
53,255,511
54,255,511
55,255,511
56,255,512
57,255,511
58,255,511
59,255,511
60,255,511
61,255,511
62,255,511
63,255,511
64,255,511
65,255,511
66,255,511
67,255,511
68,255,511
69,255,511
70,255,511
71,255,511
72,255,511
73,255,511
74,255,511
75,255,511
76,255,512
77,255,511
78,255,510
79,255,511
80,255,511
81,255,511
82,255,511
83,255,511
84,255,511
85,255,511
86,255,511
87,255,511
88,255,511
89,255,512
90,255,511
91,255,510
92,255,511
93,255,511
94,255,511
95,255,511
96,255,511
97,255,511
98,255,511
99,255,511
100,255,511
101,255,511
102,255,511
103,255,511
104,255,510
105,255,511
106,255,512
107,255,511
108,255,511
109,255,511
110,255,511
111,255,511
112,255,511
113,255,511
114,255,510
115,255,511
116,255,511
117,255,511
118,255,511
119,255,512
120,255,511
121,255,511
122,255,511
123,255,510
124,255,510
125,255,511
126,255,511
127,255,511
128,255,511
129,255,511
130,255,511
131,255,511
132,255,511
133,255,511
134,255,511
135,255,510
136,255,510
137,255,511
138,255,511
139,255,510
140,255,510
141,255,511
142,255,510
143,255,510
145,255,511
146,254,511
147,248,510
148,241,510
149,232,510
150,223,510
151,213,511
152,204,511
153,194,511
154,186,510
155,176,510
156,164,510
157,153,510
158,141,510
159,136,510
160,136,511
161,136,510
162,136,511
163,136,510
164,136,510
165,136,511
166,136,510
167,136,510
168,136,510
169,136,511
170,136,511
171,136,511
172,134,511
173,132,510
174,129,511
175,125,511
176,120,511
177,114,511
178,108,511
179,102,511
180,95,511
181,88,511
182,80,511
183,72,512
184,64,511
185,56,511
186,48,511
187,40,511
188,31,511
189,23,511
190,15,512
191,9,512
192,2,512
193,0,513
194,0,512
195,0,512
196,0,512
197,0,512
198,0,512
199,0,512
200,0,512
201,0,512
202,0,512
203,0,513
204,0,512
205,0,512
206,0,513
207,0,512
208,0,513
209,0,513
210,0,513
211,0,513
212,0,513
213,0,513
214,0,514
215,0,514
216,0,514
217,0,513
218,0,514
219,0,514
220,0,515
221,0,514
222,0,514
223,0,514
224,0,514
225,0,515
226,0,514
227,0,515
228,0,515
229,0,515
230,0,515
231,0,515
232,0,514
233,0,515
234,0,515
235,0,515
236,0,515
237,0,515
238,0,515
239,0,516
240,0,516
241,0,516
242,0,516
243,0,516
244,0,516
245,0,517
246,0,516
247,0,516
248,0,516
249,0,517
250,0,517
251,0,517
252,0,518
253,0,517
254,0,517
255,0,517
256,0,517
257,0,518
258,0,517
259,0,517
260,0,518
261,0,518
262,0,518
263,0,518
264,0,518
265,0,518
266,0,518
267,0,518
268,0,518
269,0,518
270,0,518
271,0,518
272,0,518
273,0,518
274,0,519
275,0,519
276,0,519
277,0,519
278,0,519
279,0,519
280,0,519
281,0,519
282,0,519
283,0,519
284,0,519
285,0,519
286,0,520
287,0,520
288,0,520
289,0,520
290,0,520
291,0,521
292,0,520
293,0,520
294,0,520
295,0,520
297,0,520
298,0,520
299,0,521
300,0,520
301,0,521
302,0,521
303,0,521
304,0,522
305,0,521
306,0,521
307,0,521
308,0,521
309,0,522
310,0,522
311,0,521
312,0,522
313,0,522
314,0,523
315,0,522
316,0,522
317,0,522
318,0,521
319,0,522
320,0,522
321,0,522
322,0,522
323,0,521
324,0,522
325,0,522
326,0,522
327,0,522
328,0,522
329,0,523
330,0,522
331,0,523
332,0,523
333,0,523
334,0,523
335,0,523
336,0,523
337,0,523
338,0,524
339,0,523
340,0,523
341,0,523
342,0,523
343,0,523
344,0,523
345,0,523
346,0,524
347,0,523
348,0,524
349,0,524
350,0,523
351,0,524
352,0,524
353,0,524
354,0,524
355,0,524
356,0,524
357,0,524
358,0,524
359,0,524
360,0,525
361,0,524
362,0,524
363,0,524
364,0,524
365,0,525
366,0,525
367,0,525
368,0,524
369,0,525
370,0,525
371,0,525
372,0,525
373,0,525
374,0,525
375,0,525
376,0,525
377,0,525
378,0,525
379,0,525
380,0,525
381,0,525
382,0,525
383,0,525
384,0,526
385,0,525
386,0,526
387,0,525
388,0,525
389,0,526
390,0,525
391,0,526
392,0,525
393,0,526
394,0,526
395,0,526
396,0,526
397,0,526
398,0,526
399,0,526
400,0,526
401,0,526
402,0,526
403,0,526
404,0,526
405,0,525
406,0,526
407,0,525
408,0,526
409,0,526
410,0,526
411,0,526
412,0,526
413,0,526
414,0,526
415,0,526
416,0,526
417,0,526
418,0,526
419,0,526
420,0,526
421,0,526
422,0,527
423,0,526
424,0,527
425,0,527
426,0,527
427,0,527
428,0,527
429,0,527
430,0,527
431,0,527
432,0,527
433,0,527
434,0,527
435,0,527
436,0,527
437,0,528
438,0,527
439,0,527
440,0,527
441,0,527
442,0,527
443,0,527
444,0,527
445,0,527
446,0,527
447,0,528
448,0,527
449,0,527
451,0,527
452,0,527
453,0,528
454,0,527
455,0,527
456,0,527
457,0,527
458,0,527
459,0,528
460,0,527
461,0,527
462,0,528
463,0,528
464,0,527
465,0,528
466,0,528
467,0,529
468,0,528
469,0,528
470,0,528
471,0,528
472,0,528
473,0,528
474,0,527
475,0,528
476,0,528
477,0,528
478,0,528
479,0,528
480,0,528
481,0,528
482,0,528
483,0,528
484,0,528
485,0,528
486,0,528
487,0,528
488,0,528
489,0,528
490,0,528
491,0,528
492,0,528
493,0,528
494,0,529
495,0,529
496,0,529
497,0,529
498,0,529
499,0,529
500,0,529
501,0,529
502,0,529
503,0,529
504,0,529
505,0,529
506,0,530
507,0,529
508,0,529
509,0,529
510,0,529
511,0,529
512,0,529
513,0,529
514,0,529
515,0,529
516,0,529
517,0,529
518,0,530
519,0,529
520,0,530
521,0,529
522,0,529
523,0,530
524,0,529
525,0,529
526,0,529
527,0,529
528,0,529
529,0,529
530,0,529
531,0,529
532,0,529
533,0,529
534,0,529
535,0,529
536,0,530
537,0,530
538,0,530
539,0,530
540,0,530
541,0,530
542,0,530
543,0,530
544,0,530
545,0,530
546,0,529
547,0,530
548,0,530
549,0,530
550,0,530
551,0,530
552,0,530
553,0,530
554,0,530
555,0,530
556,0,529
557,0,530
558,0,530
559,0,530
560,0,530
561,0,530
562,0,530
563,0,530
564,0,530
565,0,530
566,0,530
567,0,530
568,0,530
569,0,531
570,0,530
571,0,530
572,0,530
573,0,530
574,0,530
575,0,530
576,0,531
577,0,530
578,0,530
579,0,531
580,0,530
581,0,530
582,0,530
583,0,530
584,0,530
585,0,530
586,0,530
587,0,530
588,0,530
589,0,531
590,0,530
591,0,531
592,0,531
593,0,531
594,0,531
595,0,531
596,0,531
597,0,531
598,0,530
599,0,531
600,0,531
601,0,531
602,0,531
603,0,530
604,0,531
605,0,531
606,0,531
608,0,531
609,0,531
610,0,532
611,0,531
612,0,531
613,0,531
614,0,531
615,0,531
616,0,531
617,0,531
618,0,531
619,0,531
620,0,532
621,0,531
622,0,531
623,0,531
624,0,530
625,0,531
626,0,531
627,0,532
628,0,531
629,0,531
630,0,532
631,0,531
632,0,531
633,0,531
634,0,531
635,0,531
636,0,531
637,0,532
638,0,531
639,0,531
640,0,532
641,0,531
642,0,531
643,0,531
644,0,531
645,0,531
646,0,531
647,0,531
648,0,531
649,0,532
650,0,531
651,0,531
652,0,532
653,0,532
654,0,532
655,0,532
656,0,532
657,0,532
658,0,532
659,0,532
660,0,532
661,0,532
662,0,532
663,0,532
664,0,532
665,0,532
666,0,532
667,0,532
668,0,532
669,0,532
670,0,532
671,0,533
672,0,532
673,0,532
674,0,532
675,0,532
676,0,532
677,0,532
678,0,532
679,0,532
680,0,532
681,0,532
682,0,532
683,0,533
684,0,532
685,0,532
686,0,532
687,0,532
688,0,532
689,0,532
690,0,532
691,0,532
692,0,532
693,0,532
694,0,532
695,0,532
696,0,533
697,0,532
698,0,532
699,0,532
700,0,532
701,0,532
702,0,532
703,0,532
704,0,532
705,0,531
706,0,532
707,0,532
708,0,533
709,0,532
710,0,533
711,0,532
712,0,532
713,0,533
714,0,532
715,0,532
716,0,532
717,0,532
718,0,532
719,0,532
720,0,532
721,0,532
722,0,532
723,0,533
724,0,532
725,0,532
726,0,532
727,0,532
728,0,533
729,0,532
730,0,532
731,0,532
732,0,532
733,0,532
734,0,532
735,0,533
736,0,533
737,0,532
738,0,533
739,0,532
740,0,532
741,0,532
742,0,532
743,0,532
744,0,532
745,0,533
746,0,533
747,0,533
748,0,533
749,0,532
750,0,533
751,0,533
752,0,533
753,0,533
754,0,533
755,0,533
756,0,532
757,0,532
758,0,533
759,0,533
760,0,533
761,0,532
762,0,532
763,0,533
765,0,533
766,0,534
767,0,533
768,0,533
769,0,533
770,0,532
771,0,533
772,0,533
773,0,533
774,0,533
775,0,533
776,0,533
777,0,533
778,0,533
779,0,533
780,0,532
781,0,533
782,0,533
783,0,533
784,0,533
785,0,532
786,0,533
787,0,533
788,0,534
789,0,533
790,0,533
791,0,533
792,0,533
793,0,533
794,0,533
795,0,532
796,0,533
797,0,533
798,0,534
799,0,533
800,0,533
801,0,533
802,0,533
803,0,533
804,0,533
805,0,533
806,0,533
807,0,533
808,0,533
809,0,533
810,0,533
811,0,533
812,0,533
813,0,533
814,0,533
815,0,534
816,0,533
817,0,533
818,0,534
819,0,533
820,0,533
821,0,533
822,0,533
823,0,534
824,0,533
825,0,533
826,0,533
827,0,533
828,0,533
829,0,533
830,0,533
831,0,533
832,0,532
833,0,533
834,0,533
835,0,534
836,0,533
837,0,533
838,0,533
839,0,533
840,0,534
841,0,533
842,0,533
843,0,534
844,0,533
845,0,534
846,0,534
847,0,533
848,0,534
849,0,534
850,0,534
851,0,534
852,0,534
853,0,534
854,0,533
855,0,534
856,0,534
857,0,534
858,0,533
859,0,534
860,0,534
861,0,534
862,0,534
863,0,534
864,0,534
865,0,534
866,0,533
867,0,534
868,0,534
869,0,534
870,0,534
871,0,534
872,0,534
873,0,534
874,0,534
875,0,534
876,0,534
877,0,535
878,0,534
879,0,534
880,0,534
881,0,534
882,0,534
883,0,533
884,0,534
885,0,534
886,0,534
887,0,535
888,0,534
889,0,534
890,0,534
891,0,533
892,0,534
893,0,534
894,0,534
895,0,534
896,0,533
897,0,534
898,0,534
899,0,534
900,0,534
901,0,534
902,0,534
903,0,534
904,0,534
905,0,534
906,0,533
907,0,534
908,0,534
909,0,534
910,18,534
911,42,534
912,71,534
913,102,534
914,132,534
915,160,534
916,183,534
917,204,534
918,221,534
920,228,534
921,228,534
922,228,534
923,227,534
924,227,534
925,227,534
926,231,534
927,248,534
928,255,534
929,255,533
930,255,533
931,255,533
932,255,532
933,255,533
934,255,533
935,255,533
936,255,533
937,255,533
938,255,533
939,255,532
940,255,533
941,255,532
942,255,532
943,255,531
944,255,531
945,255,532
946,255,532
947,255,532
948,255,532
949,255,532
950,255,532
951,255,531
952,255,531
953,255,531
954,255,530
955,255,530
956,255,531
957,255,531
958,255,531
959,255,531
960,255,531
961,255,530
962,255,530
963,255,530
964,255,530
965,255,530
966,255,530
967,255,530
968,255,530
969,255,529
970,255,529
971,255,529
972,255,530
973,255,530
974,255,529
975,255,529
976,255,529
977,255,528
978,255,528
979,255,528
980,255,528
981,255,528
982,255,528
983,255,528
984,255,528
985,255,528
986,255,529
987,255,528
988,255,527
989,255,527
990,255,527
991,255,527
992,255,527
993,255,527
994,255,527
995,255,527
996,255,526
997,255,527
998,255,527
999,255,527
1000,255,527
1001,255,526
1002,255,526
1003,255,526
1004,255,526
1005,255,526
1006,255,526
1007,255,526
1008,255,526
1009,255,526
1010,255,526
1011,255,525
1012,255,525
1013,255,525
1014,255,525
1015,255,525
1016,255,525
1017,255,525
1018,255,525
1019,255,525
1020,255,524
1021,255,524
1022,255,525
1023,255,525
1024,255,525
1025,255,524
1026,255,524
1027,255,524
1028,255,524
1029,255,524
1030,255,524
1031,255,524
1032,255,524
1033,255,523
1034,255,524
1035,255,523
1036,255,523
1037,255,523
1038,255,524
1039,255,524
1040,255,523
1041,255,523
1042,255,523
1043,255,523
1044,255,523
1045,255,523
1046,255,523
1047,255,523
1048,255,522
1049,255,522
1050,255,522
1051,255,522
1052,255,522
1054,255,522
1055,255,522
1056,255,522
1057,255,522
1058,255,521
1059,255,522
1060,255,522
1061,255,522
1062,255,522
1063,255,522
1064,255,521
1065,255,521
1066,255,521
1067,255,522
1068,255,522
1069,255,521
1070,255,521
1071,255,521
1072,255,520
1073,255,520
1074,255,521
1075,255,521
1076,255,520
1077,255,520
1078,255,520
1079,255,520
1080,255,520
1081,255,520
1082,255,520
1083,255,520
1084,255,520
1085,255,520
1086,255,520
1087,255,520
1088,255,520
1089,255,520
1090,255,520
1091,255,520
1092,255,520
1093,255,520
1094,255,519
1095,255,519
1096,255,520
1097,255,519
1098,255,519
1099,255,519
1100,255,519
1101,255,520
1102,255,520
1103,255,519
1104,255,519
1105,255,519
1106,255,519
1107,255,519
1108,255,519
1109,255,519
1110,255,519
1111,255,519
1112,255,518
1113,255,518
1114,255,518
1115,255,519
1116,255,519
1117,255,518
1118,255,517
1119,255,518
1120,255,518
1121,255,518
1122,255,518
1123,255,518
1124,255,518
1125,255,518
1126,255,518
1127,255,518
1128,255,518
1129,255,518
1130,255,518
1131,255,518
1132,255,518
1133,255,518
1134,255,518
1135,255,518
1136,255,517
1137,255,517
1138,255,517
1139,255,517
1140,255,517
1141,255,516
1142,255,517
1143,255,517
1144,255,517
1145,255,517
1146,255,517
1147,255,518
1148,255,516
1149,255,517
1150,255,517
1151,255,517
1152,255,517
1153,255,517
1154,255,517
1155,255,517
1156,255,517
1157,255,517
1158,255,517
1159,255,516
1160,255,517
1161,255,516
1162,255,517
1163,255,516
1164,255,516
1165,255,516
1166,255,516
1167,255,516
1168,255,517
1169,255,517
1170,255,516
1171,255,515
1172,255,516
1173,255,516
1174,255,516
1175,255,516
1176,255,516
1177,255,516
1178,255,516
1179,255,516
1180,255,516
1181,255,516
1182,255,516
1184,255,516
1185,255,516
1186,255,516
1187,255,516
1188,255,516
1189,255,515
1190,255,515
1191,255,515
1192,255,516
1193,255,516
1194,255,515
1195,255,515
1196,255,515
1197,255,515
1198,255,515
1199,255,515
1200,255,515
1201,255,515
1202,255,515
1203,255,515
1204,255,515
1205,255,515
1206,255,515
1207,255,515
1208,255,515
1209,255,515
1210,255,515
1211,255,515
1212,255,515
1213,255,515
1214,255,515
1215,255,516
1216,255,515
1217,255,514
1218,255,515
1219,255,515
1220,255,514
1221,255,515
1222,255,516
1223,255,516
1224,255,515
1225,255,514
1226,255,515
1227,255,515
1228,255,515
1229,255,515
1230,255,515
1231,255,515
1232,255,515
1233,255,515
1234,255,515
1235,255,515
1236,255,515
1237,255,515
1238,255,515
1239,255,515
1240,255,515
1241,255,515
1242,255,515
1243,255,515
1244,255,515
1245,255,515
1246,255,515
1247,255,515
1248,255,515
1249,255,515
1250,255,514
1251,255,515
1252,255,515
1253,255,515
1254,255,515
1255,255,514
1256,255,514
1257,255,515
1258,255,515
1259,255,515
1260,255,515
1261,255,515
1262,255,515
1263,255,515
1264,255,515
1265,255,515
1266,255,515
1267,255,515
1268,255,515
1269,255,515
1270,255,515
1271,255,515
1272,255,515
1273,255,514
1274,255,514
1275,255,515
1276,255,515
1277,255,515
1278,255,515
1279,255,515
1280,255,515
1281,255,515
1282,255,515
1283,255,515
1284,255,515
1285,255,515
1286,255,515
1287,255,515
1288,255,515
1289,255,514
1290,255,514
1291,255,515
1292,255,515
1293,255,514
1294,255,515
1295,255,514
1296,255,514
1297,255,514
1298,255,514
1299,255,514
1300,255,514
1301,255,514
1302,255,514
1303,255,514
1304,255,514
1305,255,514
1306,255,514
1307,255,514
1308,255,514
1309,255,514
1310,255,514
1311,255,514
1313,255,514
1314,255,514
1315,255,514
1316,255,514
1317,255,514
1318,255,514
1319,255,514
1320,255,514
1321,255,514
1322,255,514
1323,255,515
1324,255,515
1325,255,513
1326,255,513
1327,255,514
1328,255,514
1329,255,514
1330,255,514
1331,255,514
1332,255,514
1333,255,514
1334,255,514
1335,255,514
1336,255,514
1337,255,514
1338,255,514
1339,255,514
1340,255,514
1341,255,514
1342,255,514
1343,255,514
1344,255,514
1345,255,514
1346,255,514
1347,255,513
1348,255,514
1349,255,514
1350,255,514
1351,255,514
1352,255,514
1353,255,514
1354,255,513
1355,255,513
1356,255,514
1357,255,514
1358,255,514
1359,255,514
1360,255,514
1361,255,514
1362,255,514
1363,255,513
1364,255,514
1365,84,513
1366,90,513
1367,255,514
1368,255,514
1369,255,514
1370,255,514
1371,255,514
1372,255,514
1373,255,514
1374,255,513
1375,255,513
1376,255,513
1377,245,514
1378,233,514
1379,221,515
1380,209,514
1381,196,514
1382,181,513
1383,164,514
1384,174,514
1385,130,514
1386,106,514
1387,114,514
1388,112,514
1389,27,514
1390,1,514
1391,0,514
1392,0,514
1393,0,514
1394,0,514
1395,0,514
1396,0,514
1397,0,514
1398,0,514
1399,0,514
1400,0,513
1401,0,514
1402,0,515
1403,0,515
1404,0,515
1405,0,515
1406,0,515
1407,0,516
1408,0,515
1409,0,515
1410,0,515
1411,0,515
1412,0,515
1413,0,515
1414,0,515
1415,0,516
1416,0,516
1417,0,516
1418,0,516
1419,0,516
1420,0,516
1421,0,516
1422,0,517
1423,0,516
1424,0,516
1425,0,517
1426,0,517
1427,0,517
1428,0,517
1429,0,517
1430,0,516
1431,0,517
1432,0,517
1433,0,517
1434,0,517
1435,0,517
1436,0,517
1437,0,518
1438,0,518
1439,0,518
1440,0,518
1441,0,517
1442,0,518
1443,0,518
1444,0,518
1445,0,518
1446,0,518
1447,0,518
1449,0,519
1450,0,519
1451,0,518
1452,0,518
1453,0,519
1454,0,519
1455,0,519
1456,0,519
1457,0,519
1458,0,519
1459,0,519
1460,0,519
1461,0,520
1462,0,520
1463,0,520
1464,0,520
1465,0,521
1466,24,520
1467,10,520
1468,33,520
1469,52,520
1470,80,520
1471,107,520
1472,136,521
1473,167,522
1474,198,521
1475,223,521
1476,245,520
1477,255,521
1478,255,521
1479,255,521
1480,255,521
1481,255,521
1482,255,521
1483,255,521
1484,255,521
1485,255,521
1486,255,521
1487,255,521
1488,255,521
1489,255,521
1490,255,521
1491,255,521
1492,255,521
1493,255,521
1494,255,521
1495,255,521
1496,255,521
1497,255,522
1498,255,521
1499,255,520
1500,255,520
1501,255,521
1502,255,521
1503,255,521
1504,255,521
1505,255,521
1506,255,521
1507,255,521
1508,255,520
1509,255,521
1510,255,520
1511,255,520
1512,255,520
1513,255,520
1514,255,520
1515,255,520
1516,255,519
1517,255,520
1518,255,520
1519,255,520
1520,255,521
1521,255,521
1522,255,521
1523,255,520
1524,255,519
1525,255,520
1526,255,520
1527,255,520
1528,255,520
1529,255,520
1530,255,520
1531,255,520
1532,255,520
1533,255,520
1534,255,520
1535,255,519
1536,255,519
1537,255,519
1538,255,519
1539,255,519
1540,255,519
1541,255,519
1542,255,519
1543,255,519
1544,255,519
1545,255,519
1546,255,519
1547,255,519
1548,255,519
1549,255,519
1550,255,519
1551,255,518
1552,255,519
1553,255,519
1554,255,519
1555,255,519
1556,255,518
1557,255,518
1558,255,518
1559,255,518
1560,255,519
1561,255,519
1562,255,518
1563,255,518
1564,255,518
1565,255,518
1566,255,518
1567,255,518
1568,255,519
1569,255,519
1570,255,518
1571,255,517
1572,255,518
1573,255,518
1574,255,518
1575,255,518
1576,255,518
1577,255,518
1578,255,518
1579,255,518
1580,255,517
1582,255,517
1583,255,517
1584,255,517
1585,255,517
1586,255,517
1587,255,517
1588,255,517
1589,255,517
1590,255,517
1591,255,517
1592,255,517
1593,255,517
1594,255,517
1595,255,517
1596,255,517
1597,255,517
1598,255,517
1599,255,517
1600,255,517
1601,255,517
1602,255,517
1603,247,517
1604,236,517
1605,223,517
1606,210,516
1607,196,516
1608,179,517
1609,161,517
1610,138,516
1611,114,517
1612,91,515
1613,69,516
1614,46,516
1615,22,516
1616,0,516
1617,0,517
1618,87,516
1619,55,516
1620,58,516
1621,0,517
1622,0,516
1623,0,517
1624,0,517
1625,0,517
1626,0,517
1627,0,517
1628,0,516
1629,0,517
1630,0,517
1631,0,517
1632,0,517
1633,0,517
1634,0,517
1635,0,518
1636,0,517
1637,0,517
1638,0,517
1639,0,518
1640,0,518
1641,0,518
1642,0,518
1643,0,518
1644,0,519
1645,0,518
1646,0,518
1647,0,518
1648,0,517
1649,0,518
1650,0,519
1651,0,518
1652,0,519
1653,0,519
1654,0,519
1655,0,519
1656,0,519
1657,0,519
1658,0,519
1659,0,519
1660,0,519
1661,0,519
1662,0,519
1663,0,519
1664,0,519
1665,0,520
1666,0,520
1667,0,520
1668,0,520
1669,0,520
1670,0,520
1671,0,520
1672,0,520
1673,0,520
1674,0,521
1675,0,520
1676,0,520
1677,0,520
1678,0,520
1679,0,521
1680,0,521
1681,0,521
1682,0,521
1683,0,521
1684,0,521
1685,0,521
1686,0,521
1687,0,521
1688,0,521
1689,0,522
1690,0,521
1691,0,522
1692,0,522
1693,0,521
1694,0,522
1695,0,523
1696,0,522
1697,0,522
1698,0,522
1699,0,522
1700,0,523
1701,0,522
1702,0,522
1703,0,522
1704,0,523
1705,0,523
1706,0,523
1707,0,523
1708,0,523
1709,0,523
1710,0,523
1711,0,523
1712,0,523
1713,0,523
1714,0,523
1715,0,523
1716,0,524
1717,0,523
1718,0,524
1719,0,524
1720,0,524
1721,0,524
1722,0,524
1724,0,524
1725,0,524
1726,0,524
1727,0,524
1728,0,524
1729,0,524
1730,0,524
1731,0,524
1732,0,525
1733,0,524
1734,0,524
1735,0,524
1736,0,524
1737,0,525
1738,0,525
1739,0,525
1740,0,525
1741,0,524
1742,0,525
1743,0,526
1744,0,525
1745,0,525
1746,0,525
1747,0,524
1748,0,525
1749,0,526
1750,0,525
1751,0,525
1752,0,526
1753,0,526
1754,0,526
1755,0,526
1756,0,525
1757,0,526
1758,0,526
1759,0,526
1760,0,526
1761,0,526
1762,0,526
1763,0,526
1764,0,526
1765,0,527
1766,0,526
1767,0,527
1768,0,527
1769,0,527
1770,0,527
1771,0,527
1772,0,527
1773,0,527
1774,0,528
1775,0,527
1776,0,527
1777,0,527
1778,0,527
1779,0,528
1780,0,527
1781,0,527
1782,0,527
1783,0,527
1784,0,527
1785,0,527
1786,0,527
1787,0,527
1788,0,528
1789,0,528
1790,0,528
1791,0,528
1792,0,528
1793,0,528
1794,0,528
1795,0,528
1796,0,528
1797,0,528
1798,0,528
1799,0,528
1800,0,528
1801,0,528
1802,0,528
1803,0,528
1804,0,528
1805,0,528
1806,0,528
1807,0,528
1808,0,528
1809,0,529
1810,0,529
1811,0,529
1812,0,529
1813,0,529
1814,0,529
1815,0,529
1816,0,529
1817,0,529
1818,0,529
1819,0,529
1820,0,529
1821,0,529
1822,0,529
1823,0,529
1824,0,529
1825,0,530
1826,0,529
1827,0,529
1828,0,529
1829,0,529
1830,0,529
1831,0,530
1832,0,529
1833,0,529
1834,0,529
1835,0,530
1836,0,530
1837,0,530
1838,0,530
1839,0,530
1840,0,530
1841,0,529
1842,0,530
1843,0,530
1844,0,530
1845,0,530
1846,0,530
1847,0,530
1848,0,531
1849,0,530
1850,0,530
1851,0,530
1852,0,530
1853,0,530
1854,0,531
1855,0,530
1856,0,530
1857,0,530
1858,0,530
1859,0,531
1860,0,530
1861,0,530
1862,0,531
1863,0,531
1864,0,531
1865,0,530
1866,0,531
1867,0,530
1868,0,531
1869,0,532
1871,0,531
1872,0,531
1873,0,531
1874,0,531
1875,0,531
1876,0,531
1877,0,531
1878,0,531
1879,0,531
1880,0,532
1881,0,531
1882,0,531
1883,0,531
1884,0,531
1885,0,531
1886,0,531
1887,0,531
1888,0,531
1889,0,530
1890,0,531
1891,0,531
1892,0,531
1893,0,531
1894,0,531
1895,0,531
1896,0,531
1897,0,532
1898,0,531
1899,0,532
1900,0,532
1901,0,532
1902,0,532
1903,0,531
1904,0,532
1905,0,532
1906,0,532
1907,0,532
1908,0,532
1909,0,532
1910,0,532
1911,0,532
1912,0,532
1913,0,532
1914,0,532
1915,0,532
1916,0,532
1917,0,532
1918,0,532
1919,0,531
1920,0,532
1921,0,532
1922,0,532
1923,0,532
1924,0,531
1925,0,532
1926,0,533
1927,0,532
1928,0,532
1929,0,532
1930,0,532
1931,0,532
1932,0,533
1933,0,532
1934,0,532
1935,0,532
1936,0,533
1937,0,532
1938,0,532
1939,0,532
1940,0,532
1941,0,532
1942,0,533
1943,0,533
1944,0,532
1945,0,533
1946,0,533
1947,0,533
1948,0,533
1949,0,533
1950,0,533
1951,0,533
1952,0,533
1953,0,533
1954,0,533
1955,0,533
1956,0,533
1957,0,533
1958,0,534
1959,0,533
1960,0,533
1961,0,533
1962,0,533
1963,0,534
1964,0,533
1965,0,533
1966,0,533
1967,0,533
1968,0,533
1969,0,534
1970,0,533
1971,0,533
1972,0,533
1973,0,533
1974,0,534
1975,0,533
1976,0,534
1977,0,533
1978,0,533
1979,0,533
1980,0,534
1981,0,534
1982,0,534
1983,0,534
1984,0,533
1985,0,534
1986,0,534
1987,0,534
1988,0,534
1989,0,534
1990,0,534
1991,0,534
1992,0,534
1993,0,534
1994,0,534
1995,0,533
1996,0,534
1997,0,535
1998,0,534
1999,0,534
2000,0,534
2001,0,533
2002,0,534
2003,0,534
2004,0,534
2005,0,534
2006,0,534
2007,0,534
2008,0,535
2009,0,534
2010,0,534
2011,0,534
2012,0,534
2013,0,534
2014,0,534
2016,0,534
2017,0,534
2018,0,534
2019,0,534
2020,0,534
2021,0,534
2022,0,534
2023,0,534
2024,0,534
2025,0,534
2026,0,534
2027,0,534
2028,0,534
2029,0,534
2030,0,534
2031,0,534
2032,0,534
2033,0,534
2034,0,534
2035,0,535
2036,0,534
2037,0,534
2038,0,534
2039,0,534
2040,0,535
2041,0,534
2042,0,534
2043,0,535
2044,0,535
2045,0,535
2046,0,535
2047,0,534
2048,0,535
2049,0,535
2050,0,535
2051,0,535
2052,0,534
2053,0,534
2054,0,535
2055,0,535
2056,0,535
2057,0,535
2058,0,535
2059,0,535
2060,0,535
2061,0,535
2062,0,534
2063,0,535
2064,0,535
2065,0,535
2066,0,535
2067,0,534
2068,0,535
2069,0,535
2070,0,535
2071,0,535
2072,0,535
2073,0,535
2074,0,535
2075,0,536
2076,0,535
2077,0,535
2078,0,535
2079,0,534
2080,0,535
2081,0,536
2082,0,535
2083,0,535
2084,0,535
2085,0,534
2086,0,535
2087,0,535
2088,0,535
2089,0,535
2090,0,534
2091,0,535
2092,0,535
2093,0,535
2094,0,535
2095,0,534
2096,0,535
2097,0,536
2098,0,535
2099,0,535
2100,0,535
2101,0,535
2102,0,536
2103,0,535
2104,0,535
2105,13,534
2106,35,535
2107,64,535
2108,100,535
2109,136,535
2110,168,535
2111,195,535
2112,217,535
2113,238,535
2114,255,535
2115,255,535
2116,255,535
2117,255,535
2118,255,535
2119,255,535
2120,255,535
2121,255,535
2122,255,535
2123,255,535
2124,255,535
2125,255,534
2126,255,534
2127,255,535
2128,255,535
2129,255,535
2130,255,534
2131,255,533
2132,255,534
2133,255,534
2134,255,534
2135,255,534
2136,255,534
2137,255,534
2138,255,533
2139,255,533
2140,255,533
2141,255,533
2142,255,533
2143,255,533
2144,255,533
2145,255,533
2146,255,533
2147,255,533
2148,255,532
2149,255,532
2150,255,532
2151,255,533
2152,255,532
2153,255,533
2154,255,531
2156,255,531
2157,255,532
2158,255,532
2159,255,532
2160,255,531
2161,255,531
2162,255,531
2163,255,531
2164,255,531
2165,255,531
2166,255,531
2167,255,531
2168,255,531
2169,255,531
2170,255,531
2171,255,530
2172,255,530
2173,255,530
2174,255,530
2175,255,530
2176,255,531
2177,255,531
2178,255,530
2179,255,529
2180,255,529
2181,255,529
2182,255,529
2183,255,529
2184,255,529
2185,255,529
2186,255,529
2187,255,529
2188,255,529
2189,255,529
2190,255,529
2191,255,529
2192,255,528
2193,255,528
2194,255,528
2195,255,528
2196,255,528
2197,255,528
2198,255,528
2199,255,528
2200,255,529
2201,255,528
2202,255,527
2203,255,527
2204,255,527
2205,255,527
2206,255,527
2207,255,527
2208,255,527
2209,255,527
2210,255,527
2211,255,527
2212,255,527
2213,255,527
2214,255,527
2215,255,527
2216,255,527
2217,255,526
2218,255,526
2219,255,526
2220,255,526
2221,255,526
2222,255,526
2223,255,526
2224,255,526
2225,255,525
2226,255,525
2227,255,526
2228,255,526
2229,255,526
2230,255,524
2231,255,525
2232,255,525
2233,255,525
2234,255,525
2235,255,525
2236,255,525
2237,255,525
2238,255,525
2239,255,525
2240,255,525
2241,255,524
2242,255,525
2243,255,524
2244,255,524
2245,255,524
2246,255,524
2247,255,524
2248,255,524
2249,255,524
2250,255,524
2251,255,524
2252,255,524
2253,255,524
2254,255,524
2255,255,524
2256,255,524
2257,255,524
2258,255,524
2259,255,523
2260,255,523
2261,255,523
2262,255,523
2263,255,523
2264,255,523
2265,255,523
2266,255,523
2267,255,523
2268,255,523
2269,255,523
2270,255,522
2271,255,523
2272,255,523
2273,255,523
2274,255,523
2275,255,522
2276,255,522
2277,255,522
2278,255,522
2279,255,523
2280,255,523
2281,255,523
2282,255,522
2283,255,521
2284,255,522
2286,255,522
2287,255,522
2288,255,522
2289,255,522
2290,255,522
2291,255,522
2292,255,522
2293,255,522
2294,255,521
2295,255,521
2296,255,521
2297,255,521
2298,255,521
2299,255,521
2300,255,521
2301,255,521
2302,255,521
2303,255,521
2304,255,521
2305,255,521
2306,255,521
2307,255,521
2308,255,521
2309,255,521
2310,255,521
2311,255,521
2312,255,520
2313,255,520
2314,255,520
2315,255,520
2316,255,520
2317,255,520
2318,255,520
2319,255,520
2320,255,520
2321,255,520
2322,255,520
2323,255,520
2324,255,520
2325,255,520
2326,255,520
2327,255,520
2328,255,520
2329,255,519
2330,255,519
2331,255,520
2332,255,520
2333,255,520
2334,255,520
2335,255,519
2336,255,518
2337,255,519
2338,255,519
2339,255,519
2340,255,519
2341,255,519
2342,255,519
2343,255,519
2344,255,519
2345,255,519
2346,255,519
2347,255,519
2348,255,519
2349,255,519
2350,255,519
2351,255,519
2352,255,519
2353,255,519
2354,255,519
2355,255,519
2356,255,519
2357,255,519
2358,255,519
2359,255,519
2360,255,518
2361,255,518
2362,255,518
2363,255,518
2364,255,519
2365,255,518
2366,255,518
2367,255,518
2368,255,518
2369,255,518
2370,255,519
2371,255,519
2372,255,519
2373,255,517
2374,255,518
2375,255,518
2376,255,518
2377,255,518
2378,255,518
2379,255,518
2380,255,518
2381,255,518
2382,255,518
2383,255,518
2384,255,518
2385,255,518
2386,255,518
2387,255,518
2388,255,518
2389,255,518
2390,255,518
2391,255,517
2392,255,517
2393,255,517
2394,255,517
2395,255,517
2396,255,517
2397,255,517
2398,255,517
2399,255,517
2400,255,517
2401,255,517
2402,255,518
2403,255,518
2404,255,516
2405,255,516
2406,255,517
2407,255,517
2408,255,517
2409,255,517
2410,255,517
2411,255,517
2412,255,517
2413,255,517
2415,255,517
2416,255,517
2417,255,517
2418,255,517
2419,255,517
2420,255,517
2421,255,517
2422,255,517
2423,255,516
2424,255,516
2425,255,516
2426,255,516
2427,255,517
2428,255,517
2429,255,516
2430,255,515
2431,255,516
2432,255,516
2433,255,516
2434,255,516
2435,255,517
2436,255,516
2437,255,515
2438,255,515
2439,255,516
2440,255,516
2441,255,516
2442,255,516
2443,255,516
2444,255,516
2445,255,516
2446,255,516
2447,255,516
2448,255,516
2449,255,515
2450,255,515
2451,255,515
2452,255,515
2453,255,515
2454,255,515
2455,255,515
2456,255,515
2457,255,515
2458,255,516
2459,255,516
2460,255,515
2461,255,514
2462,255,515
2463,255,515
2464,255,515
2465,255,515
2466,255,515
2467,255,515
2468,255,515
2469,255,515
2470,255,515
2471,255,515
2472,255,515
2473,255,515
2474,255,515
2475,255,515
2476,255,515
2477,255,514
2478,255,514
2479,255,514
2480,255,515
2481,255,515
2482,255,514
2483,255,514
2484,255,514
2485,255,514
2486,255,514
2487,255,514
2488,255,514
2489,255,514
2490,255,514
2491,255,514
2492,255,514
2493,255,514
2494,255,514
2495,255,514
2496,255,514
2497,255,514
2498,255,514
2499,255,514
2500,255,514
2501,255,514
2502,255,514
2503,255,515
2504,255,515
2505,255,514
2506,255,514
2507,255,514
2508,255,514
2509,255,514
2510,255,514
2511,255,515
2512,255,515
2513,255,514
2514,255,514
2515,255,514
2516,255,514
2517,255,514
2518,255,514
2519,255,514
2520,255,514
2521,255,514
2522,255,514
2523,255,514
2524,255,514
2525,255,514
2526,255,514
2527,255,514
2528,255,514
2529,255,514
2530,255,514
2531,255,514
2532,255,514
2533,255,514
2534,255,514
2535,255,514
2536,255,514
2537,255,514
2538,255,514
2539,255,514
2540,255,514
2541,255,514
2542,255,514
2543,255,514
2544,255,514
2546,255,514
2547,255,514
2548,255,514
2549,255,514
2550,255,514
2551,255,514
2552,255,514
2553,255,514
2554,255,514
2555,255,514
2556,255,514
2557,255,514
2558,255,514
2559,255,514
2560,255,515
2561,255,515
2562,255,514
2563,255,513
2564,255,514
2565,255,514
2566,255,514
2567,255,515
2568,255,514
2569,255,514
2570,255,514
2571,255,514
2572,255,514
2573,255,514
2574,255,514
2575,255,514
2576,255,514
2577,255,514
2578,255,514
2579,255,514
2580,255,514
2581,255,514
2582,255,514
2583,255,514
2584,255,514
2585,255,514
2586,255,514
2587,255,514
2588,255,515
2589,255,514
2590,255,513
2591,255,513
2592,255,514
2593,255,514
2594,255,514
2595,255,514
2596,255,514
2597,255,514
2598,255,514
2599,255,514
2600,255,514
2601,255,514
2602,255,514
2603,255,514
2604,255,514
2605,255,514
2606,255,514
2607,255,514
2608,255,514
2609,255,514
2610,255,514
2611,255,514
2612,255,514
2613,255,514
2614,255,514
2615,255,514
2616,255,514
2617,255,514
2618,255,514
2619,255,514
2620,255,514
2621,255,514
2622,255,514
2623,255,514
2624,255,514
2625,255,514
2626,255,514
2627,255,514
2628,255,514
2629,255,514
2630,255,514
2631,255,514
2632,255,514
2633,255,514
2634,255,514
2635,255,513
2636,255,513
2637,255,514
2638,255,514
2639,255,515
2640,255,514
2641,255,513
2642,255,513
2643,255,514
2644,255,514
2645,255,514
2646,255,514
2647,255,514
2648,255,514
2649,255,514
2650,255,514
2651,255,514
2652,255,514
2653,255,514
2654,255,514
2655,255,514
2656,255,514
2657,255,514
2658,255,513
2659,255,513
2660,255,513
2661,255,514
2662,255,514
2663,255,514
2664,255,513
2665,255,513
2666,255,514
2667,255,514
2668,255,514
2669,255,514
2670,255,513
2671,255,514
2672,255,514
2673,255,513
2675,255,514
2676,255,514
2677,255,514
2678,255,513
2679,255,513
2680,255,513
2681,255,513
2682,255,514
2683,255,513
2684,255,513
2685,255,513
2686,255,513
2687,255,513
2688,255,514
2689,255,513
2690,255,513
2691,255,513
2692,255,513
2693,255,513
2694,255,514
2695,255,514
2696,255,513
2697,255,512
2698,255,513
2699,255,513
2700,255,513
2701,255,513
2702,255,513
2703,255,513
2704,255,513
2705,255,513
2706,255,513
2707,255,513
2708,255,513
2709,255,513
2710,255,513
2711,255,513
2712,255,513
2713,255,513
2714,255,513
2715,255,513
2716,255,513
2717,255,513
2718,255,513
2719,255,513
2720,255,513
2721,255,513
2722,255,513
2723,255,513
2724,255,513
2725,255,513
2726,255,513
2727,255,513
2728,255,513
2729,255,513
2730,255,513
2731,255,513
2732,255,513
2733,255,513
2734,255,514
2735,255,514
2736,255,513
2737,255,512
2738,255,513
2739,255,513
2740,255,513
2741,255,513
2742,255,513
2743,255,513
2744,255,513
2745,255,513
2746,255,513
2747,255,513
2748,255,513
2749,255,513
2750,255,513
2751,255,513
2752,255,513
2753,255,513
2754,255,513
2755,255,513
2756,255,513
2757,255,513
2758,255,513
2759,255,513
2760,255,513
2761,255,513
2762,255,513
2763,255,513
2764,255,513
2765,255,513
2766,255,513
2767,255,513
2768,255,513
2769,255,513
2770,255,513
2771,255,513
2772,255,513
2773,255,513
2774,255,513
2775,255,513
2776,255,513
2777,255,513
2778,255,513
2779,255,513
2780,255,513
2781,255,513
2782,255,513
2783,255,513
2784,255,513
2785,255,513
2786,255,513
2787,255,513
2788,255,513
2789,255,513
2790,255,513
2791,255,513
2792,255,514
2793,255,514
2794,255,513
2795,255,512
2796,255,513
2797,255,513
2798,255,513
2799,255,513
2800,255,513
2801,255,513
2802,255,513
2803,255,513
2805,255,513
2806,255,513
2807,255,513
2808,255,513
2809,255,513
2810,255,513
2811,255,513
2812,255,513
2813,255,513
2814,255,513
2815,255,513
2816,255,513
2817,255,513
2818,255,513
2819,255,513
2820,255,513
2821,255,513
2822,255,513
2823,255,513
2824,255,513
2825,255,513
2826,255,513
2827,255,513
2828,255,513
2829,255,513
2830,255,513
2831,255,513
2832,255,513
2833,255,513
2834,255,514
2835,255,513
2836,255,513
2837,255,512
2838,255,513
2839,255,513
2840,255,513
2841,255,513
2842,255,513
2843,255,513
2844,255,512
2845,255,512
2846,255,513
2847,255,513
2848,255,513
2849,255,513
2850,255,513
2851,255,513
2852,255,513
2853,255,513
2854,255,513
2855,255,513
2856,255,513
2857,255,513
2858,255,513
2859,255,513
2860,255,513
2861,255,512
2862,255,512
2863,255,512
2864,255,513
2865,255,513
2866,255,513
2867,255,512
2868,255,512
2869,255,513
2870,255,513
2871,255,513
2872,255,513
2873,255,513
2874,255,512
2875,255,512
2876,255,512
2877,255,512
2878,255,512
2879,255,512
2880,255,512
2881,255,513
2882,255,512
2883,255,512
2884,255,512
2885,255,512
2886,255,512
2887,255,513
2888,255,513
2889,255,512
2890,255,511
2891,255,512
2892,255,512
2893,255,512
2894,255,512
2895,255,512
2896,255,512
2897,255,512
2898,255,512
2899,255,512
2900,255,512
2901,255,512
2902,255,512
2903,255,512
2904,255,512
2905,255,512
2906,255,512
2907,255,512
2908,255,512
2909,255,512
2910,255,512
2911,255,512
2912,255,512
2913,255,512
2914,255,512
2915,255,512
2916,255,512
2917,255,512
2918,255,512
2919,255,512
2920,255,513
2921,255,513
2922,255,512
2923,255,511
2924,255,512
2925,255,512
2926,255,512
2927,255,512
2928,255,512
2929,255,512
2930,255,512
2931,255,512
2932,255,512
2933,255,512
2935,255,512
2936,255,512
2937,255,512
2938,255,512
2939,255,512
2940,244,512
2941,230,512
2942,216,512
2943,201,511
2944,185,512
2945,169,512
2946,153,512
2947,138,513
2948,124,512
2949,110,512
2950,96,512
2951,84,512
2952,70,512
2953,56,512
2954,40,512
2955,25,512
2956,10,512
2957,0,512
2958,0,512
2959,1,512
2960,1,512
2961,0,512
2962,0,513
2963,0,513
2964,1,513
2965,1,513
2966,0,512
2967,0,513
2968,0,514
2969,0,513
2970,0,513
2971,0,513
2972,0,513
2973,0,514
2974,0,514
2975,0,513
2976,0,514
2977,0,513
2978,0,514
2979,0,515
2980,0,514
2981,0,514
2982,0,515
2983,0,515
2984,0,515
2985,0,515
2986,0,515
2987,0,515
2988,0,515
2989,0,515
2990,0,515
2991,0,515
2992,0,515
2993,0,516
2994,0,516
2995,0,516
2996,0,516
2997,0,516
2998,0,516
2999,0,516
3000,0,516
3001,0,516
3002,0,516
3003,0,517
3004,0,517
3005,0,517
3006,0,517
3007,0,517
3008,0,517
3009,0,517
3010,0,517
3011,0,517
3012,0,517
3013,0,518
3014,0,518
3015,0,518
3016,0,518
3017,0,518
3018,0,517
3019,0,518
3020,0,519
3021,0,518
3022,0,518
3023,0,517
3024,0,519
3025,0,519
3026,0,519
3027,0,519
3028,0,519
3029,0,519
3030,0,519
3031,0,520
3032,0,519
3033,0,519
3034,0,519
3035,0,520
3036,0,520
3037,0,520
3038,0,520
3039,0,520
3040,0,520
3041,0,521
3042,0,520
3043,0,520
3044,0,520
3045,0,520
3046,0,521
3047,0,521
3048,0,521
3049,0,521
3050,0,520
3051,0,521
3052,0,521
3053,0,521
3054,0,521
3055,0,522
3056,0,521
3057,0,522
3058,0,522
3059,0,522
3060,0,522
3061,0,522
3062,0,522
3063,0,522
3064,0,522
3065,0,522
3066,0,523
3067,0,522
3068,0,522
3069,0,523
3070,0,522
3071,0,523
3072,0,523
3073,0,523
3074,0,523
3075,0,523
3076,0,523
3078,0,523
3079,0,523
3080,0,523
3081,0,523
3082,0,524
3083,0,524
3084,0,524
3085,0,524
3086,0,524
3087,0,524
3088,0,525
3089,0,524
3090,0,524
3091,0,524
3092,0,524
3093,0,524
3094,0,525
3095,0,524
3096,0,525
3097,0,525
3098,0,525
3099,0,525
3100,0,525
3101,0,525
3102,0,525
3103,0,525
3104,0,525
3105,0,525
3106,0,525
3107,0,525
3108,0,526
3109,0,526
3110,0,525
3111,0,526
3112,0,526
3113,0,526
3114,0,526
3115,0,526
3116,0,526
3117,0,525
3118,0,526
3119,0,527
3120,0,526
3121,0,526
3122,0,526
3123,0,526
3124,0,527
3125,0,527
3126,0,527
3127,0,527
3128,0,527
3129,0,528
3130,0,527
3131,0,527
3132,0,527
3133,0,527
3134,0,527
3135,0,527
3136,0,527
3137,0,527
3138,0,527
3139,0,527
3140,0,527
3141,0,527
3142,0,527
3143,0,527
3144,0,527
3145,0,528
3146,0,527
3147,0,528
3148,0,527
3149,0,528
3150,0,528
3151,0,528
3152,0,528
3153,0,528
3154,0,528
3155,0,528
3156,0,528
3157,0,528
3158,0,528
3159,0,528
3160,0,528
3161,0,528
3162,0,528
3163,0,528
3164,0,529
3165,0,528
3166,0,528
3167,0,528
3168,0,528
3169,0,528
3170,0,529
3171,0,528
3172,0,529
3173,0,528
3174,0,529
3175,0,529
3176,0,528
3177,0,529
3178,0,528
3179,0,529
3180,0,529
3181,0,529
3182,0,529
3183,0,529
3184,0,530
3185,0,529
3186,0,529
3187,0,529
3188,0,529
3189,0,529
3190,0,529
3191,0,529
3192,0,529
3193,0,529
3194,0,529
3195,0,529
3196,0,529
3197,0,529
3198,0,529
3199,0,530
3200,0,530
3201,0,530
3202,0,530
3203,0,530
3204,0,530
3205,0,530
3206,0,530
3207,0,530
3208,0,530
3209,0,530
3210,0,530
3211,0,530
3212,0,530
3213,0,530
3214,0,530
3215,0,530
3216,0,530
3217,0,530
3218,0,530
3219,0,530
3220,0,530
3221,0,530
3222,0,530
3224,0,530
3225,0,530
3226,0,530
3227,0,530
3228,0,530
3229,0,530
3230,0,530
3231,0,530
3232,0,531
3233,0,530
3234,0,531
3235,0,530
3236,0,531
3237,0,530
3238,0,531
3239,0,531
3240,0,531
3241,0,531
3242,0,531
3243,0,531
3244,0,532
3245,0,531
3246,0,531
3247,0,531
3248,0,531
3249,0,531
3250,0,532
3251,0,531
3252,0,531
3253,0,531
3254,0,531
3255,0,531
3256,0,531
3257,0,531
3258,0,531
3259,0,531
3260,0,532
3261,0,531
3262,0,531
3263,0,531
3264,0,531
3265,0,531
3266,0,532
3267,0,531
3268,0,531
3269,0,531
3270,0,530
3271,0,532
3272,0,531
3273,0,531
3274,0,532
3275,0,531
3276,0,532
3277,0,532
3278,0,531
3279,0,532
3280,0,532
3281,0,532
3282,0,533
3283,0,532
3284,0,532
3285,0,532
3286,0,532
3287,0,532
3288,0,532
3289,0,532
3290,0,532
3291,0,532
3292,0,532
3293,0,532
3294,0,532
3295,0,532
3296,0,532
3297,0,532
3298,0,532
3299,0,532
3300,0,532
3301,0,532
3302,0,533
3303,0,532
3304,0,532
3305,0,532
3306,0,531
3307,0,532
3308,0,533
3309,0,532
3310,0,532
3311,0,532
3312,0,532
3313,0,532
3314,0,532
3315,0,532
3316,0,532
3317,0,532
3318,0,532
3319,0,532
3320,0,533
3321,0,533
3322,0,532
3323,0,532
3324,0,533
3325,0,533
3326,0,533
3327,0,533
3328,0,533
3329,0,533
3330,0,533
3331,0,533
3332,0,533
3333,0,532
3334,0,533
3335,0,533
3336,0,533
3337,0,533
3338,0,533
3339,0,533
3340,0,533
3341,0,534
3342,0,533
3343,0,533
3344,0,533
3345,0,533
3346,0,532
3347,0,533
3348,0,533
3349,0,533
3350,0,533
3351,0,533
3352,0,533
3353,0,533
3354,0,533
3355,0,533
3356,0,533
3357,0,533
3358,0,533
3359,0,533
3360,0,533
3361,0,533
3362,0,533
3363,0,534
3364,0,533
3365,0,533
3366,0,533
3367,0,533
3368,0,534
3370,0,533
3371,0,533
3372,0,533
3373,0,532
3374,0,533
3375,0,533
3376,0,533
3377,0,533
3378,0,533
3379,0,533
3380,0,533
3381,0,533
3382,0,533
3383,0,533
3384,0,533
3385,0,533
3386,0,533
3387,0,533
3388,0,534
3389,0,533
3390,0,534
3391,0,534
3392,0,533
3393,0,534
3394,0,534
3395,0,534
3396,0,534
3397,0,534
3398,0,533
3399,0,534
3400,0,534
3401,0,534
3402,0,534
3403,0,533
3404,0,534
3405,0,534
3406,0,534
3407,0,533
3408,0,534
3409,0,534
3410,0,534
3411,0,534
3412,0,534
3413,0,534
3414,0,534
3415,0,535
3416,0,534
3417,0,534
3418,0,534
3419,0,534
3420,0,534
3421,0,534
3422,0,534
3423,0,534
3424,0,533
3425,0,534
3426,0,534
3427,0,534
3428,0,534
3429,0,533
3430,0,534
3431,0,535
3432,0,534
3433,0,534
3434,0,534
3435,0,534
3436,0,534
3437,0,534
3438,0,534
3439,0,534
3440,0,534
3441,0,534
3442,0,535
3443,0,534
3444,0,534
3445,0,534
3446,0,534
3447,0,535
3448,0,534
3449,0,534
3450,0,534
3451,0,534
3452,0,535
3453,0,534
3454,0,534
3455,0,534
3456,0,534
3457,0,535
3458,0,534
3459,0,534
3460,0,534
3461,0,533
3462,0,535
3463,0,534
3464,0,534
3465,0,534
3466,0,534
3467,0,535
3468,0,534
3469,0,534
3470,0,534
3471,0,535
3472,0,535
3473,0,534
3474,0,534
3475,0,535
3476,0,534
3477,0,535
3478,0,535
3479,0,535
3480,0,535
3481,0,534
3482,0,535
3483,0,535
3484,0,535
3485,0,534
3486,0,535
3487,0,534
3488,0,535
3489,0,535
3490,0,535
3491,0,535
3492,0,535
3493,0,535
3494,0,535
3495,0,535
3496,0,535
3497,0,535
3498,0,535
3499,0,535
3500,0,535
3501,0,535
3502,0,535
3503,0,535
3504,0,536
3505,0,535
3506,0,535
3507,0,535
3508,0,535
3509,0,535
3510,0,535
3511,0,535
3512,0,535
3513,0,535
3514,0,534
3515,0,535
3517,0,535
3518,0,535
3519,0,535
3520,0,535
3521,0,535
3522,0,535
3523,0,535
3524,0,535
3525,0,535
3526,0,534
3527,0,535
3528,0,535
3529,0,535
3530,0,535
3531,0,535
3532,0,535
3533,0,535
3534,0,535
3535,0,535
3536,0,535
3537,0,535
3538,0,536
3539,0,535
3540,0,535
3541,0,535
3542,0,535
3543,0,536
3544,0,535
3545,0,535
3546,0,535
3547,0,535
3548,0,535
3549,0,535
3550,0,535
3551,0,535
3552,0,536
3553,0,535
3554,0,536
3555,0,535
3556,0,535
3557,0,535
3558,0,535
3559,0,535
3560,0,535
3561,0,535
3562,0,535
3563,0,535
3564,0,535
3565,0,535
3566,0,535
3567,0,535
3568,0,536
3569,0,535
3570,0,535
3571,0,535
3572,0,535
3573,0,536
3574,0,535
3575,0,535
3576,0,535
3577,0,536
3578,0,535
3579,0,536
3580,0,535
3581,0,535
3582,0,535
3583,0,535
3584,0,536
3585,0,536
3586,0,536
3587,0,535
3588,0,535
3589,0,536
3590,0,535
3591,0,536
3592,0,535
3593,0,535
3594,0,536
3595,0,536
3596,0,536
3597,0,536
3598,0,535
3599,0,536
3600,0,536
3601,0,536
3602,0,536
3603,0,535
3604,0,535
3605,0,536
3606,0,536
3607,0,536
3608,0,536
3609,0,536
3610,0,536
3611,0,536
3612,0,536
3613,0,536
3614,0,535
3615,0,536
3616,0,536
3617,0,536
3618,0,536
3619,0,536
3620,0,536
3621,0,535
3622,0,536
3623,0,536
3624,0,536
3625,0,536
3626,0,536
3627,0,535
3628,0,536
3629,0,536
3630,0,536
3631,0,536
3632,0,536
3633,0,536
3634,0,536
3635,0,536
3636,0,536
3637,0,536
3638,0,535
3639,0,536
3640,0,536
3641,0,536
3642,0,536
3643,0,536
3644,0,536
3645,0,536
3646,0,536
3647,0,536
3648,0,536
3649,0,536
3650,0,536
3651,0,536
3652,0,536
3653,0,536
3654,0,536
3655,0,536
3656,0,536
3657,0,536
3658,0,536
3659,0,536
3660,0,536
3661,0,536
3663,0,536
3664,0,536
3665,0,536
3666,0,536
3667,0,536
3668,0,536
3669,0,536
3670,0,536
3671,0,536
3672,0,536
3673,0,536
3674,0,536
3675,0,536
3676,0,537
3677,0,536
3678,0,536
3679,0,536
3680,0,535
3681,0,536
3682,0,536
3683,0,536
3684,0,536
3685,0,536
3686,0,536
3687,0,536
3688,0,536
3689,0,536
3690,0,536
3691,0,536
3692,0,536
3693,0,536
3694,0,536
3695,0,536
3696,0,536
3697,0,536
3698,0,536
3699,0,536
3700,0,536
3701,0,536
3702,0,537
3703,0,536
3704,0,536
3705,0,536
3706,0,536
3707,0,536
3708,0,536
3709,0,536
3710,0,536
3711,0,536
3712,0,535
3713,0,536
3714,0,537
3715,0,536
3716,0,536
3717,0,536
3718,0,536
3719,0,536
3720,0,536
3721,0,536
3722,0,536
3723,0,536
3724,0,536
3725,0,536
3726,0,536
3727,0,537
3728,0,536
3729,0,536
3730,0,536
3731,0,536
3732,0,537
3733,0,536
3734,0,536
3735,0,536
3736,0,536
3737,0,535
3738,0,536
3739,0,536
3740,0,536
3741,0,536
3742,0,535
3743,0,536
3744,0,537
3745,0,536
3746,0,536
3747,0,536
3748,0,536
3749,0,536
3750,0,537
3751,0,536
3752,0,536
3753,0,536
3754,0,536
3755,0,536
3756,0,536
3757,0,536
3758,0,537
3759,0,537
3760,0,537
3761,0,536
3762,0,536
3763,0,536
3764,0,536
3765,0,537
3766,0,537
3767,0,536
3768,0,536
3769,0,537
3770,0,536
3771,0,537
3772,0,537
3773,0,536
3774,0,537
3775,0,537
3776,0,536
3777,0,536
3778,0,537
3779,0,536
3780,0,537
3781,0,537
3782,0,537
3783,0,537
3784,0,536
3785,0,537
3786,0,537
3787,0,537
3788,0,537
3789,0,537
3790,0,536
3791,0,537
3792,0,537
3793,0,537
3794,0,536
3795,0,537
3796,0,537
3797,0,537
3798,0,537
3799,0,537
3800,0,536
3801,0,537
3802,0,537
3803,0,537
3804,0,537
3805,0,537
3806,0,537
3808,0,537
3809,0,537
3810,0,537
3811,0,537
3812,0,536
3813,0,537
3814,0,537
3815,0,537
3816,0,537
3817,0,537
3818,0,537
3819,0,537
3820,0,538
3821,0,537
3822,0,537
3823,0,537
3824,0,537
3825,0,537
3826,0,537
3827,0,537
3828,0,537
3829,0,537
3830,0,537
3831,0,537
3832,0,537
3833,0,537
3834,0,537
3835,0,537
3836,0,537
3837,0,537
3838,0,537
3839,0,537
3840,0,537
3841,0,537
3842,0,537
3843,0,537
3844,0,537
3845,0,537
3846,0,536
3847,0,537
3848,0,537
3849,0,537
3850,0,537
3851,0,537
3852,0,537
3853,0,538
3854,0,537
3855,0,537
3856,0,537
3857,0,537
3858,0,538
3859,0,537
3860,0,537
3861,0,537
3862,0,536
3863,0,537
3864,0,538
3865,0,537
3866,0,537
3867,0,537
3868,0,537
3869,0,537
3870,0,537
3871,0,537
3872,0,537
3873,0,537
3874,0,537
3875,0,537
3876,0,537
3877,0,537
3878,0,537
3879,0,537
3880,0,538
3881,0,537
3882,0,537
3883,0,537
3884,0,537
3885,0,537
3886,0,537
3887,0,537
3888,0,537
3889,0,537
3890,0,537
3891,0,537
3892,0,537
3893,0,537
3894,0,537
3895,0,538
3896,0,537
3897,0,537
3898,0,537
3899,0,536
3900,0,537
3901,0,537
3902,0,537
3903,0,537
3904,0,536
3905,0,537
3906,0,537
3907,0,537
3908,0,537
3909,0,536
3910,0,537
3911,0,537
3912,0,537
3913,0,537
3914,0,537
3915,0,537
3916,0,538
3917,0,537
3918,0,537
3919,0,537
3920,0,537
3921,0,537
3922,0,538
3923,0,537
3924,0,537
3925,0,537
3926,0,537
3927,0,537
3928,0,537
3929,0,537
3930,0,537
3931,0,537
3932,0,538
3933,0,537
3934,0,537
3935,0,537
3936,0,538
3937,0,537
3938,0,537
3939,0,537
3940,0,537
3941,0,538
3942,0,537
3943,0,537
3944,0,537
3945,0,537
3946,0,537
3947,0,537
3948,0,538
3949,0,537
3950,0,537
3951,0,537
3952,0,537
3954,0,538
3955,0,537
3956,0,537
3957,0,537
3958,0,537
3959,0,538
3960,0,537
3961,0,538
3962,0,537
3963,0,537
3964,0,537
3965,0,537
3966,0,538
3967,0,537
3968,0,537
3969,0,538
3970,0,538
3971,0,538
3972,0,537
3973,0,538
3974,0,538
3975,0,537
3976,0,537
3977,0,538
3978,0,538
3979,0,537
3980,0,538
3981,0,537
3982,0,538
3983,0,538
3984,0,538
3985,0,538
3986,0,537
3987,0,538
3988,0,538
3989,0,538
3990,0,538
3991,0,538
3992,0,538
3993,0,538
3994,0,537
3995,0,538
3996,0,538
3997,0,538
3998,0,538
3999,0,537
4000,0,538
4001,0,538
4002,0,538
4003,0,538
4004,0,538
4005,0,537
4006,0,538
4007,0,538
4008,0,538
4009,0,537
4010,0,538
4011,0,537
4012,0,538
4013,0,538
4014,0,537
4015,0,538
4016,0,537
4017,0,538
4018,0,538
4019,0,538
4020,0,538
4021,0,537
4022,0,538
4023,0,539
4024,0,538
4025,0,538
4026,0,537
4027,0,538
4028,0,538
4029,0,538
4030,0,538
4031,0,538
4032,0,538
4033,0,538
4034,0,538
4035,0,538
4036,0,538
4037,0,538
4038,0,539
4039,0,538
4040,0,538
4041,0,538
4042,0,538
4043,0,539
4044,0,538
4045,0,538
4046,0,538
4047,0,538
4048,0,539
4049,0,538
4050,0,538
4051,0,538
4052,0,538
4053,0,538
4054,0,538
4055,0,537
4056,0,538
4057,0,538
4058,0,538
4059,0,538
4060,0,537
4061,0,538
4062,0,538
4063,0,538
4064,0,538
4065,0,538
4066,0,538
4067,0,538
4068,0,539
4069,0,538
4070,0,538
4071,0,538
4072,0,537
4073,0,538
4074,0,539
4075,0,538
4076,0,538
4077,0,538
4078,0,538
4079,0,538
4080,0,538
4081,0,538
4082,0,538
4083,0,538
4084,0,539
4085,0,538
4086,0,538
4087,0,538
4088,0,538
4089,0,537
4090,0,538
4091,0,539
4092,0,538
4093,0,538
4094,0,538
4095,0,538
4096,0,538
4097,0,538
4099,0,538
4100,0,538
4101,0,537
4102,0,538
4103,0,538
4104,0,538
4105,0,538
4106,0,538
4107,0,538
4108,0,538
4109,0,538
4110,0,538
4111,0,538
4112,0,538
4113,0,538
4114,0,538
4115,0,538
4116,0,538
4117,0,538
4118,0,538
4119,0,539
4120,0,538
4121,0,538
4122,0,538
4123,0,538
4124,0,538
4125,0,538
4126,0,538
4127,0,538
4128,0,538
4129,0,538
4130,0,538
4131,0,538
4132,0,538
4133,0,538
4134,0,538
4135,0,538
4136,0,538
4137,0,538
4138,0,538
4139,0,537
4140,0,538
4141,0,539
4142,0,538
4143,0,538
4144,0,538
4145,0,538
4146,0,538
4147,0,538
4148,0,538
4149,0,538
4150,0,538
4151,0,539
4152,0,538
4153,0,538
4154,0,538
4155,0,538
4156,0,538
4157,0,538
4158,0,538
4159,0,538
4160,0,537
4161,0,538
4162,0,538
4163,0,538
4164,0,538
4165,0,537
4166,0,538
4167,0,538
4168,0,538
4169,0,538
4170,0,538
4171,0,538
4172,0,538
4173,0,538
4174,0,538
4175,0,538
4176,0,538
4177,0,538
4178,0,538
4179,0,538
4180,0,538
4181,0,538
4182,0,538
4183,0,538
4184,0,538
4185,0,538
4186,0,538
4187,0,538
4188,0,538
4189,0,538
4190,0,538
4191,0,538
4192,0,537
4193,0,538
4194,0,538
4195,0,538
4196,0,538
4197,0,537
4198,0,538
4199,139,539
4200,0,539
4201,7,539
4202,26,538
4203,46,538
4204,67,538
4205,92,539
4206,115,539
4207,137,538
4208,158,538
4209,178,538
4210,197,538
4211,229,538
4212,240,538
4213,248,538
4214,255,538
4215,255,538
4216,220,538
4217,199,538
4218,205,539
4219,188,538
4220,163,538
4221,255,538
4222,255,537
4223,255,538
4224,255,538
4225,255,538
4226,255,538
4227,255,537
4228,255,537
4229,255,537
4230,255,537
4231,255,537
4232,255,537
4233,255,537
4234,255,537
4235,255,537
4236,255,536
4237,255,536
4238,255,536
4239,255,536
4240,255,536
4242,255,536
4243,255,536
4244,255,536
4245,255,536
4246,255,536
4247,255,535
4248,255,535
4249,255,535
4250,255,535
4251,255,535
4252,255,535
4253,255,535
4254,255,535
4255,255,535
4256,255,535
4257,255,534
4258,255,534
4259,255,534
4260,255,534
4261,255,534
4262,255,534
4263,255,534
4264,255,534
4265,255,533
4266,255,533
4267,255,533
4268,255,533
4269,255,533
4270,255,533
4271,255,533
4272,255,533
4273,255,533
4274,255,532
4275,255,532
4276,255,532
4277,255,532
4278,255,533
4279,255,533
4280,255,532
4281,255,531
4282,255,531
4283,255,532
4284,255,531
4285,255,531
4286,255,531
4287,255,531
4288,255,531
4289,255,531
4290,255,531
4291,255,531
4292,255,531
4293,255,531
4294,255,530
4295,255,530
4296,255,530
4297,255,530
4298,255,530
4299,255,530
4300,255,530
4301,255,530
4302,255,530
4303,255,530
4304,255,530
4305,255,529
4306,255,529
4307,255,529
4308,255,529
4309,255,529
4310,255,530
4311,255,529
4312,255,529
4313,255,529
4314,255,528
4315,255,528
4316,255,528
4317,255,528
4318,255,528
4319,255,528
4320,255,528
4321,255,528
4322,255,528
4323,255,528
4324,255,528
4325,255,527
4326,255,527
4327,255,527
4328,255,527
4329,255,527
4330,255,527
4331,255,527
4332,255,527
4333,255,527
4334,255,527
4335,255,527
4336,255,527
4337,255,526
4338,255,526
4339,255,526
4340,255,526
4341,255,526
4342,255,526
4343,255,526
4344,255,526
4345,255,526
4346,255,526
4347,255,526
4348,255,526
4349,255,526
4350,255,525
4351,255,525
4352,255,525
4353,255,525
4354,255,525
4355,255,525
4356,255,525
4357,255,525
4358,255,525
4359,255,525
4360,255,525
4361,255,525
4362,255,525
4363,255,525
4364,255,524
4365,255,524
4366,255,524
4367,255,524
4368,255,524
4369,255,525
4371,255,524
4372,255,523
4373,255,524
4374,255,524
4375,255,524
4376,255,524
4377,255,524
4378,255,524
4379,255,524
4380,255,524
4381,255,524
4382,255,524
4383,255,523
4384,255,523
4385,255,523
4386,255,523
4387,255,523
4388,255,523
4389,255,523
4390,255,523
4391,255,523
4392,255,524
4393,255,524
4394,255,523
4395,255,522
4396,255,523
4397,255,523
4398,255,523
4399,255,523
4400,255,522
4401,255,522
4402,255,522
4403,255,522
4404,255,522
4405,255,522
4406,255,522
4407,255,522
4408,255,522
4409,255,522
4410,255,522
4411,255,522
4412,255,522
4413,255,522
4414,255,522
4415,255,522
4416,255,523
4417,255,523
4418,255,521
4419,255,521
4420,255,521
4421,255,522
4422,255,522
4423,255,521
4424,255,521
4425,255,521
4426,255,521
4427,255,521
4428,255,521
4429,255,521
4430,255,521
4431,255,521
4432,255,521
4433,255,521
4434,255,521
4435,255,521
4436,255,521
4437,255,521
4438,255,521
4439,255,521
4440,255,521
4441,255,521
4442,255,521
4443,255,521
4444,255,520
4445,255,520
4446,255,520
4447,255,521
4448,255,521
4449,255,521
4450,255,520
4451,255,520
4452,255,520
4453,255,520
4454,255,520
4455,255,520
4456,255,520
4457,255,520
4458,255,520
4459,255,520
4460,255,520
4461,255,520
4462,255,520
4463,255,520
4464,255,520
4465,255,520
4466,255,520
4467,255,520
4468,255,520
4469,255,520
4470,255,521
4471,255,521
4472,255,520
4473,255,520
4474,255,519
4475,255,520
4476,255,520
4477,255,520
4478,255,520
4479,255,519
4480,255,519
4481,255,519
4482,255,520
4483,255,519
4484,255,520
4485,255,519
4486,255,519
4487,255,519
4488,255,519
4489,255,519
4490,255,519
4491,255,519
4492,255,519
4493,255,519
4494,255,519
4495,255,519
4496,255,519
4497,255,519
4498,255,519
4499,255,519
4501,255,519
4502,255,519
4503,255,519
4504,255,519
4505,255,519
4506,255,519
4507,255,519
4508,255,519
4509,255,519
4510,255,519
4511,255,519
4512,255,519
4513,255,519
4514,255,519
4515,255,519
4516,255,519
4517,255,519
4518,255,519
4519,255,518
4520,255,519
4521,255,519
4522,255,519
4523,255,519
4524,255,518
4525,255,518
4526,255,518
4527,255,519
4528,255,519
4529,255,519
4530,255,518
4531,255,517
4532,255,518
4533,255,518
4534,255,518
4535,255,518
4536,255,519
4537,255,519
4538,255,518
4539,255,517
4540,255,518
4541,255,518
4542,255,518
4543,255,519
4544,255,519
4545,255,518
4546,255,517
4547,255,518
4548,255,518
4549,255,518
4550,255,518
4551,255,518
4552,255,518
4553,255,518
4554,255,518
4555,255,518
4556,255,518
4557,255,518
4558,255,518
4559,255,518
4560,255,517
4561,255,517
4562,255,517
4563,255,517
4564,255,517
4565,255,517
4566,255,517
4567,255,517
4568,255,517
4569,255,517
4570,255,517
4571,255,517
4572,255,517
4573,255,518
4574,255,517
4575,255,517
4576,255,517
4577,255,517
4578,255,517
4579,255,517
4580,255,517
4581,255,517
4582,255,517
4583,255,517
4584,255,517
4585,255,517
4586,255,517
4587,255,517
4588,255,517
4589,255,517
4590,255,517
4591,255,517
4592,255,517
4593,255,517
4594,255,517
4595,255,517
4596,255,517
4597,255,517
4598,255,517
4599,255,517
4600,255,516
4601,255,517
4602,255,517
4603,255,516
4604,255,516
4605,255,516
4606,255,516
4607,255,517
4608,255,516
4609,255,516
4610,255,516
4611,255,516
4612,255,516
4613,255,516
4614,255,516
4615,255,517
4616,255,517
4617,255,516
4618,255,515
4619,255,516
4620,255,516
4621,255,516
4622,255,516
4623,255,517
4624,255,516
4625,255,516
4626,255,515
4627,255,516
4628,255,516
4629,255,516
4631,255,516
4632,255,516
4633,255,516
4634,255,516
4635,255,516
4636,255,516
4637,255,516
4638,255,516
4639,255,516
4640,255,517
4641,255,515
4642,255,515
4643,255,516
4644,255,516
4645,255,516
4646,255,516
4647,255,516
4648,255,516
4649,255,516
4650,255,516
4651,255,516
4652,255,516
4653,255,515
4654,255,516
4655,255,515
4656,255,515
4657,255,515
4658,255,515
4659,255,515
4660,255,515
4661,255,515
4662,255,515
4663,255,515
4664,255,516
4665,255,516
4666,255,515
4667,255,515
4668,255,515
4669,255,516
4670,255,516
4671,255,516
4672,255,516
4673,255,515
4674,255,515
4675,255,515
4676,255,515
4677,255,516
4678,255,516
4679,255,515
4680,255,515
4681,255,514
4682,255,515
4683,255,515
4684,255,515
4685,255,515
4686,255,515
4687,255,515
4688,255,515
4689,255,515
4690,255,515
4691,255,515
4692,255,515
4693,255,515
4694,255,515
4695,255,515
4696,255,515
4697,255,515
4698,255,515
4699,255,515
4700,255,515
4701,255,516
4702,255,515
4703,255,515
4704,255,515
4705,255,515
4706,255,515
4707,255,515
4708,255,515
4709,255,515
4710,255,515
4711,255,515
4712,255,515
4713,255,515
4714,255,515
4715,255,515
4716,255,515
4717,255,516
4718,255,515
4719,255,515
4720,255,515
4721,255,515
4722,255,515
4723,255,515
4724,255,515
4725,255,515
4726,255,515
4727,255,515
4728,255,515
4729,255,515
4730,255,515
4731,255,515
4732,255,515
4733,255,515
4734,255,515
4735,255,515
4736,255,515
4737,255,515
4738,255,515
4739,255,515
4740,255,515
4741,255,515
4742,255,515
4743,255,515
4744,255,515
4745,255,515
4746,255,515
4747,255,515
4748,255,515
4749,255,515
4750,255,515
4751,255,515
4752,255,515
4753,255,515
4754,255,515
4755,255,515
4756,255,514
4757,255,515
4758,255,515
4760,255,515
4761,255,515
4762,255,515
4763,255,515
4764,255,515
4765,255,515
4766,255,515
4767,255,515
4768,255,515
4769,255,515
4770,255,515
4771,255,515
4772,255,515
4773,255,515
4774,255,516
4775,255,516
4776,255,515
4777,255,515
4778,255,515
4779,255,515
4780,255,515
4781,255,516
4782,255,516
4783,255,515
4784,255,515
4785,255,515
4786,255,515
4787,255,515
4788,255,515
4789,255,515
4790,255,514
4791,255,515
4792,255,515
4793,255,515
4794,255,515
4795,255,515
4796,255,515
4797,255,515
4798,255,514
4799,255,515
4800,255,515
4801,255,515
4802,255,515
4803,255,516
4804,255,515
4805,255,514
4806,255,514
4807,255,515
4808,255,515
4809,255,515
4810,255,515
4811,255,516
4812,255,515
4813,255,514
4814,255,514
4815,255,515
4816,255,515
4817,255,515
4818,255,515
4819,255,515
4820,255,515
4821,255,514
4822,255,514
4823,255,514
4824,255,514
4825,255,514
4826,255,514
4827,255,514
4828,255,514
4829,255,514
4830,255,514
4831,255,514
4832,255,514
4833,255,514
4834,255,515
4835,255,515
4836,255,513
4837,255,514
4838,255,514
4839,255,514
4840,255,514
4841,255,514
4842,255,514
4843,255,514
4844,255,514
4845,255,514
4846,255,514
4847,255,514
4848,255,514
4849,255,514
4850,255,514
4851,255,515
4852,255,514
4853,255,514
4854,255,514
4855,255,514
4856,255,515
4857,255,515
4858,255,514
4859,255,513
4860,255,514
4861,255,514
4862,255,514
4863,255,515
4864,255,515
4865,255,514
4866,255,513
4867,255,514
4868,255,514
4869,255,514
4870,255,514
4871,255,514
4872,255,514
4873,255,514
4874,255,514
4875,255,514
4876,255,514
4877,255,514
4878,255,514
4879,255,514
4880,255,514
4881,255,514
4882,255,514
4883,255,514
4884,255,514
4885,255,514
4886,255,515
4887,255,515
4888,255,514
4890,255,513
4891,255,514
4892,255,514
4893,255,514
4894,255,514
4895,255,514
4896,255,514
4897,255,514
4898,255,513
4899,255,514
4900,255,514
4901,255,514
4902,255,515
4903,255,515
4904,255,515
4905,255,514
4906,255,513
4907,255,514
4908,255,514
4909,255,514
4910,255,514
4911,255,514
4912,255,515
4913,255,514
4914,255,514
4915,255,514
4916,255,514
4917,255,514
4918,255,514
4919,255,514
4920,255,514
4921,255,514
4922,255,514
4923,255,514
4924,255,514
4925,255,514
4926,255,514
4927,255,515
4928,255,514
4929,255,513
4930,255,514
4931,255,514
4932,255,514
4933,255,514
4934,255,514
4935,255,514
4936,255,513
4937,255,513
4938,255,514
4939,255,514
4940,255,514
4941,255,514
4942,255,514
4943,255,514
4944,255,513
4945,255,514
4946,255,514
4947,255,514
4948,255,514
4949,255,515
4950,255,514
4951,255,514
4952,255,514
4953,255,514
4954,255,514
4955,255,514
4956,255,514
4957,255,514
4958,255,514
4959,255,514
4960,255,514
4961,255,514
4962,255,514
4963,255,514
4964,255,514
4965,255,514
4966,255,514
4967,255,513
4968,255,513
4969,255,514
4970,255,514
4971,255,515
4972,255,514
4973,255,514
4974,255,514
4975,255,514
4976,255,514
4977,255,514
4978,255,514
4979,255,514
4980,255,514
4981,255,514
4982,255,514
4983,255,514
4984,255,514
4985,255,514
4986,255,514
4987,255,514
4988,255,514
4989,255,514
4990,255,514
4991,255,514
4992,255,514
4993,255,514
4994,255,514
4995,255,514
4996,255,514
4997,255,514
4998,255,514
4999,255,514
5000,255,514